WigleWifi-1.4,appRelease=v1.14.0,model=ESP32 Marauder,release=v1.14.0,device=ESP32 Marauder,display=SPI TFT,board=ESP32 Marauder,brand=JustCallMeKoko
MAC,SSID,AuthMode,FirstSeen,Channel,RSSI,CurrentLatitude,CurrentLongitude,AltitudeMeters,AccuracyMeters,Type
82:23:A1:9E:E9:4C,Office_Net_1819_2G,[WPA3_PSK],2026-06-14 09:05:09,1,-57,33.449359,-112.072225,341.3,10.4,WIFI
DC:BE:52:30:B9:2D,Warehouse_6834_2G,[WPA2_PSK],2026-06-14 09:05:21,6,-34,33.45881,-112.066434,341.5,12.0,WIFI
AA:19:39:3C:13:3F,The_Nest_5G,[WPA_WPA2_PSK],2026-06-14 09:05:24,153,-68,33.451291,-112.064384,337.5,11.0,WIFI
E5:2F:1D:70:6A:19,The_Nest5,[WPA2_PSK],2026-06-14 09:05:31,6,-65,33.455083,-112.07108,340.2,11.0,WIFI
53:0F:DF:98:16:B6,SmartTag2,[BLE],2026-06-14 09:05:36,0,-66,33.459835,-112.071055,339.8,11.8,BLE
6C:50:7A:D1:05:40,ESP32-BLE,[BLE],2026-06-14 09:05:42,0,-56,33.45794,-112.072087,340.5,8.8,BLE
82:96:11:0C:C2:11,Spectrum-7790-Guest,[WPA2_WPA3_PSK],2026-06-14 09:05:48,6,-50,33.4512,-112.071276,342.9,8.6,WIFI
7F:9E:90:A0:52:B7,Spectrum-609824,[WPA3_PSK],2026-06-14 09:06:01,1,-80,33.450355,-112.072009,338.5,8.3,WIFI
33:F7:B6:F9:B8:38,,[WPA2_PSK],2026-06-14 09:06:04,1,-38,33.455945,-112.070057,342.5,4.7,WIFI
BF:59:80:2B:31:B9,,[WPA2_PSK],2026-06-14 09:06:11,11,-36,33.455998,-112.073086,342.7,7.3,WIFI
69:FA:F4:CC:23:D2,Suite_2G,[WPA2_ENTERPRISE],2026-06-14 09:06:18,6,-90,33.454061,-112.06637,342.1,11.8,WIFI
21:F3:08:40:61:21,Linksys-Guest,[WPA2_PSK],2026-06-14 09:06:21,3,-61,33.45511,-112.070299,338.0,11.2,WIFI
AC:56:B0:58:A7:9F,Warehouse_6743,[WPA2_PSK],2026-06-14 09:06:25,1,-35,33.45028,-112.064599,338.1,7.9,WIFI
5C:63:60:C2:8D:67,Fitbit Charge,[BLE],2026-06-14 09:06:31,0,-64,33.448359,-112.063505,342.0,9.1,BLE
BE:9A:30:19:C3:9A,xfinitywifi24,[OPEN],2026-06-14 09:06:43,11,-53,33.453123,-112.065515,337.1,6.2,WIFI
81:E2:73:C1:96:07,Spectrum-5340,[WEP],2026-06-14 09:06:47,3,-60,33.456991,-112.062497,341.2,11.9,WIFI
55:C7:E1:42:69:67,Ring Doorbell,[BLE],2026-06-14 09:06:53,0,-76,33.450358,-112.067371,338.0,5.4,BLE
E8:83:D0:5B:11:94,HOME-3073_5G,[WPA2_PSK],2026-06-14 09:06:57,11,-81,33.458897,-112.065571,342.5,3.5,WIFI
11:95:F7:AF:BF:0F,Pretty Fly for a WiFi5,[WPA2_PSK],2026-06-14 09:07:10,3,-36,33.454115,-112.065404,337.6,3.5,WIFI
00:E8:CD:93:0B:52,ATT-WiFi-8360,[WPA2_PSK],2026-06-14 09:07:21,6,-48,33.457871,-112.073926,337.7,10.4,WIFI
3F:D9:04:0E:D9:47,Suite,[WPA3_PSK],2026-06-14 09:07:35,1,-54,33.45224,-112.070173,338.4,6.7,WIFI
AB:E7:5B:14:B0:3A,DriveThru_WiFi,[WPA2_PSK],2026-06-14 09:07:44,6,-88,33.45313,-112.067256,338.6,5.5,WIFI
13:57:E6:18:91:B9,Warehouse_5120,[WPA_WPA2_PSK],2026-06-14 09:07:53,3,-41,33.448446,-112.067405,337.7,6.1,WIFI
68:13:DE:BA:EE:AE,Office_Net_71755,[WPA2_PSK],2026-06-14 09:08:04,6,-57,33.452192,-112.073118,337.1,5.6,WIFI
36:10:E8:C2:03:69,ATT-WiFi-8997,[WPA2_PSK],2026-06-14 09:08:18,11,-59,33.455041,-112.063609,338.9,6.9,WIFI
C7:46:84:FD:1D:80,Spectrum-6357_2G,[WPA2_PSK],2026-06-14 09:08:32,6,-35,33.456974,-112.06559,337.2,8.6,WIFI
9B:8C:8F:4C:76:A9,,[WPA2_PSK],2026-06-14 09:08:35,149,-65,33.459766,-112.064346,338.3,3.0,WIFI
AF:4C:81:45:48:C8,NETGEAR_5G,[WPA_WPA2_PSK],2026-06-14 09:08:42,11,-77,33.449306,-112.065435,342.0,4.1,WIFI
54:86:DC:33:A2:7D,Fitbit Charge,[BLE],2026-06-14 09:08:46,0,-67,33.448405,-112.073898,337.5,8.9,BLE
3C:DF:98:0B:1C:99,ATT-WiFi-74385,[WPA3_PSK],2026-06-14 09:08:49,6,-83,33.44934,-112.073051,340.1,3.6,WIFI
F0:7D:4F:9B:FC:42,Spectrum-6025_2G,[WPA3_PSK],2026-06-14 09:09:02,3,-53,33.459823,-112.06924,340.0,5.3,WIFI
05:DE:9C:53:F2:90,Pretty Fly for a WiFi_2G,[WPA2_PSK],2026-06-14 09:09:06,3,-71,33.449317,-112.074026,342.2,4.1,WIFI
83:4C:37:83:62:B1,NETGEAR,[WEP],2026-06-14 09:09:15,11,-76,33.455004,-112.062505,342.7,8.9,WIFI
43:A9:29:C1:26:B6,Ring Doorbell,[BLE],2026-06-14 09:09:29,0,-77,33.449309,-112.064585,338.0,6.1,BLE
06:AF:84:CE:BB:FC,ATT-WiFi-750,[WEP],2026-06-14 09:09:39,6,-53,33.448373,-112.064588,340.5,7.6,WIFI
2B:40:18:18:3C:4C,FBI Surveillance Van_5G,[WPA2_PSK],2026-06-14 09:09:48,6,-59,33.456995,-112.066337,337.6,5.1,WIFI
59:F3:94:7D:5B:50,,[BLE],2026-06-14 09:09:57,0,-68,33.448416,-112.070092,341.4,4.7,BLE
58:FA:79:84:A9:04,Tile,[BLE],2026-06-14 09:10:06,0,-37,33.459794,-112.062565,341.7,3.4,BLE
B9:4C:74:EA:F4:AF,CenturyLink5,[WPA_PSK],2026-06-14 09:10:16,6,-39,33.450352,-112.062448,342.1,3.0,WIFI
B1:C0:5B:76:F9:B3,,[WPA2_PSK],2026-06-14 09:10:23,44,-59,33.455968,-112.062694,341.2,5.8,WIFI
50:D6:0E:7B:C0:65,AirTag,[BLE],2026-06-14 09:10:32,0,-76,33.452141,-112.067399,339.7,5.4,BLE
A3:04:66:4E:37:DA,,[BLE],2026-06-14 09:10:40,0,-83,33.453177,-112.062597,337.7,11.7,BLE
16:AC:5F:A8:3D:A2,DriveThru_WiFi,[WPA_PSK],2026-06-14 09:10:49,6,-80,33.453174,-112.066249,338.1,3.4,WIFI
93:E7:3B:C6:75:92,NETGEAR,[WPA_WPA2_PSK],2026-06-14 09:10:52,11,-63,33.452172,-112.062464,342.7,5.1,WIFI
4A:08:92:05:0E:05,Corner_Cafe_Guest,[WPA2_PSK],2026-06-14 09:10:59,6,-65,33.45598,-112.064349,342.4,4.2,WIFI
74:DF:7A:D4:98:2B,ESP32-BLE,[BLE],2026-06-14 09:11:02,0,-52,33.459795,-112.066461,342.8,10.3,BLE
32:61:D5:45:30:9C,CenturyLink,[WPA2_PSK],2026-06-14 09:11:06,6,-48,33.457882,-112.063444,338.5,3.2,WIFI
12:16:FC:91:E0:7E,Apt,[WPA_WPA2_PSK],2026-06-14 09:11:18,6,-44,33.453105,-112.070299,341.1,10.8,WIFI
BD:8E:58:B5:0F:E6,Casa_500,[WPA2_PSK],2026-06-14 09:11:22,11,-67,33.459808,-112.074028,341.3,3.3,WIFI
C2:DC:66:C2:AD:70,Office_Net_4129,[WPA2_ENTERPRISE],2026-06-14 09:11:33,6,-62,33.455961,-112.065523,340.5,9.5,WIFI
D2:50:A5:3B:77:13,Studio_9029,[WPA2_PSK],2026-06-14 09:11:44,40,-89,33.454999,-112.073063,338.7,4.8,WIFI
7A:00:58:9C:14:CB,DriveThru_WiFi5,[WPA2_PSK],2026-06-14 09:11:56,6,-88,33.456901,-112.067388,340.2,8.1,WIFI
79:9E:66:E5:91:40,HOME-4385,[WPA_WPA2_PSK],2026-06-14 09:12:04,6,-70,33.451226,-112.070201,342.5,4.9,WIFI
09:95:AB:71:6C:75,ATT-WiFi-599224,[WPA2_WPA3_PSK],2026-06-14 09:12:17,6,-63,33.45408,-112.067336,338.0,10.5,WIFI
A1:AE:0F:E3:96:19,Apt,[WPA2_PSK],2026-06-14 09:12:20,6,-45,33.456048,-112.071932,343.0,5.1,WIFI
07:DE:49:29:22:51,FBI Surveillance Van5,[WPA2_PSK],2026-06-14 09:12:28,1,-38,33.459751,-112.065375,341.4,5.9,WIFI
61:01:C9:C0:E2:66,Ring Doorbell,[BLE],2026-06-14 09:12:40,0,-86,33.452214,-112.069246,337.9,8.3,BLE
6B:8D:33:5B:D0:6B,,[BLE],2026-06-14 09:12:48,0,-76,33.449346,-112.062555,342.2,5.0,BLE
76:2C:F7:C0:3F:F2,,[BLE],2026-06-14 09:13:01,0,-60,33.459807,-112.072171,342.5,9.2,BLE
2E:D9:13:8A:75:EC,xfinitywifi24,[WPA_PSK],2026-06-14 09:13:12,6,-44,33.451268,-112.072225,340.6,8.8,WIFI
0A:77:9B:8F:4E:16,Garage_993424,[WEP],2026-06-14 09:13:20,11,-38,33.450294,-112.066412,341.6,5.4,WIFI
96:B3:22:A2:6F:D8,TP-Link_20905,[WPA2_PSK],2026-06-14 09:13:28,6,-59,33.458889,-112.067386,341.7,6.6,WIFI
F3:6F:25:55:2B:2C,ATT-WiFi-4968-Guest,[WPA2_ENTERPRISE],2026-06-14 09:13:31,6,-49,33.456904,-112.06438,342.7,8.4,WIFI
96:34:8A:33:DD:52,Spectrum-5783,[WPA2_PSK],2026-06-14 09:13:43,6,-44,33.451294,-112.073036,338.6,9.3,WIFI
75:CE:98:10:E5:4A,Studio_9872-Guest,[WEP],2026-06-14 09:13:54,11,-40,33.456006,-112.066538,342.0,5.3,WIFI
6B:BF:96:BE:E9:C3,,[BLE],2026-06-14 09:14:00,0,-92,33.45026,-112.071183,337.0,10.5,BLE
4C:BE:6C:E2:7E:6D,Tile,[BLE],2026-06-14 09:14:08,0,-37,33.456006,-112.068202,337.4,5.1,BLE
BF:88:23:61:C9:79,Casa_6406_2G,[WPA_WPA2_PSK],2026-06-14 09:14:13,6,-81,33.458793,-112.068428,340.9,6.8,WIFI
57:CE:B9:B5:12:9B,Fitbit Charge,[BLE],2026-06-14 09:14:27,0,-37,33.454096,-112.073983,339.3,4.4,BLE
0B:F0:D9:A5:01:3F,NETGEAR_5G,[WPA3_PSK],2026-06-14 09:14:33,6,-48,33.457908,-112.067404,341.3,10.8,WIFI
52:E8:F9:B7:10:80,TacoShop_Guest,[WPA2_PSK],2026-06-14 09:14:41,11,-76,33.458812,-112.069162,342.6,11.5,WIFI
42:82:83:A8:3E:75,ESP32-BLE,[BLE],2026-06-14 09:14:54,0,-88,33.458909,-112.062516,340.5,6.7,BLE
79:23:42:F8:88:19,Garage_8776_5G,[WPA2_PSK],2026-06-14 09:15:07,11,-61,33.453133,-112.063592,340.7,8.1,WIFI
27:E0:C0:5F:69:86,Apt-Guest,[OPEN],2026-06-14 09:15:11,11,-78,33.458902,-112.073083,341.5,3.5,WIFI
C7:59:4C:57:86:EE,Linksys,[WPA2_PSK],2026-06-14 09:15:14,1,-73,33.458833,-112.074052,338.8,8.2,WIFI
9E:54:5D:50:0A:E5,Spectrum-4730,[WPA2_PSK],2026-06-14 09:15:22,3,-45,33.448358,-112.069164,343.0,9.8,WIFI
50:7A:04:95:C5:1A,HOME-8281-Guest,[WPA2_PSK],2026-06-14 09:15:26,44,-79,33.448407,-112.068324,339.4,9.1,WIFI
15:5B:A0:B2:6D:21,Family_Network_7757,[WPA3_PSK],2026-06-14 09:15:37,40,-67,33.452161,-112.066385,338.4,9.8,WIFI
64:5A:C7:2E:75:7C,ESP32-BLE,[BLE],2026-06-14 09:15:48,0,-66,33.450242,-112.063611,338.3,10.1,BLE
51:51:4D:7E:67:64,AirTag,[BLE],2026-06-14 09:15:52,0,-76,33.455051,-112.066416,340.4,6.7,BLE
6D:8A:13:5C:8E:30,The_Nest,[WPA3_PSK],2026-06-14 09:16:00,40,-80,33.456898,-112.07417,342.0,7.5,WIFI
6B:24:74:81:74:DC,NETGEAR5,[WPA_WPA2_PSK],2026-06-14 09:16:10,6,-77,33.455971,-112.071133,340.0,9.5,WIFI
F7:7F:7A:9D:9D:F5,TP-Link_6062,[WPA_WPA2_PSK],2026-06-14 09:16:13,11,-79,33.458883,-112.072227,341.2,4.9,WIFI
5D:0E:75:D6:42:CD,Linksys24,[WPA2_PSK],2026-06-14 09:16:24,1,-83,33.448448,-112.06551,340.5,5.8,WIFI
AE:FC:28:CE:A7:19,Suite_5G,[WPA2_PSK],2026-06-14 09:16:35,3,-51,33.455079,-112.072126,338.3,8.1,WIFI
79:1F:D3:15:1F:8F,Ring Doorbell,[BLE],2026-06-14 09:16:48,0,-63,33.45225,-112.064352,337.2,11.4,BLE
24:D0:EE:ED:A6:93,Linksys-Guest,[OPEN],2026-06-14 09:17:00,1,-56,33.454149,-112.069299,339.6,3.9,WIFI
5D:C8:12:31:31:13,FBI Surveillance Van5,[WPA_WPA2_PSK],2026-06-14 09:17:11,48,-38,33.45034,-112.074036,342.6,6.5,WIFI
0C:44:B5:31:CB:2C,Linksys_2G,[WPA2_PSK],2026-06-14 09:17:19,1,-89,33.457889,-112.070229,338.3,7.7,WIFI
EC:FD:3F:2D:C5:12,Warehouse_5017,[WPA_PSK],2026-06-14 09:17:22,11,-67,33.455003,-112.067268,338.8,9.8,WIFI
AD:97:FE:98:0C:1D,FBI Surveillance Van24,[WPA2_WPA3_PSK],2026-06-14 09:17:33,1,-90,33.457891,-112.062518,339.9,10.3,WIFI
57:53:E3:58:A4:7E,,[WPA2_PSK],2026-06-14 09:17:39,1,-91,33.458835,-112.064476,337.4,6.9,WIFI
DD:B3:04:67:69:0F,xfinitywifi,[OPEN],2026-06-14 09:17:43,1,-44,33.459831,-112.068354,338.7,11.3,WIFI
0C:1E:8D:B0:11:D8,Family_Network_7269_2G,[WPA2_PSK],2026-06-14 09:17:46,6,-60,33.453093,-112.073101,340.1,7.4,WIFI
71:58:0C:03:AB:1F,NETGEAR,[WPA2_PSK],2026-06-14 09:17:54,11,-34,33.454992,-112.068275,337.0,6.1,WIFI
F1:19:0D:6F:9D:5D,Office_Net_58775,[WPA2_PSK],2026-06-14 09:18:07,1,-40,33.449381,-112.070267,341.0,10.0,WIFI
45:FA:08:3B:91:6C,MX Master 3,[BLE],2026-06-14 09:18:18,0,-77,33.44841,-112.071271,337.4,6.7,BLE
23:4D:D0:0E:05:6A,TacoShop_Guest,[WEP],2026-06-14 09:18:32,1,-57,33.456008,-112.063584,339.5,4.7,WIFI
C1:AF:9B:05:6C:9C,xfinitywifi,[WPA2_PSK],2026-06-14 09:18:36,11,-71,33.451212,-112.067241,337.1,6.8,WIFI
6C:02:98:A2:B8:C5,,[BLE],2026-06-14 09:18:43,0,-34,33.458806,-112.071224,340.4,10.7,BLE
C9:81:FF:90:A0:AF,Office_Net_1973-Guest,[WPA2_PSK],2026-06-14 09:18:50,3,-50,33.457927,-112.073073,338.2,5.3,WIFI
4E:6B:CB:1F:55:88,DriveThru_WiFi-Guest,[WPA2_PSK],2026-06-14 09:19:03,11,-80,33.449305,-112.069076,341.5,6.9,WIFI
95:46:26:43:AE:B1,Ring Doorbell,[BLE],2026-06-14 09:19:11,0,-43,33.452187,-112.071992,341.2,11.9,BLE
C0:2F:33:AE:C1:7D,Suite,[WPA2_WPA3_PSK],2026-06-14 09:19:16,6,-92,33.453095,-112.069222,341.9,6.2,WIFI
C4:47:F4:1A:B1:2A,Garage_729824,[WPA3_PSK],2026-06-14 09:19:27,36,-64,33.451225,-112.063747,337.7,3.9,WIFI
09:93:EB:97:26:E5,TP-Link_374224,[WPA_WPA2_PSK],2026-06-14 09:19:37,36,-40,33.459837,-112.070061,343.0,4.7,WIFI
07:72:64:1F:48:D9,The_Nest5,[WPA2_WPA3_PSK],2026-06-14 09:19:51,44,-75,33.453195,-112.068205,338.8,9.5,WIFI
BF:F1:FC:94:8D:07,The_Nest,[UNDEFINED],2026-06-14 09:19:56,1,-58,33.457892,-112.064501,339.9,5.6,WIFI
6A:3C:DF:2E:4F:05,Ring Doorbell,[BLE],2026-06-14 09:20:01,0,-36,33.454117,-112.063617,340.6,5.8,BLE
93:73:ED:5C:86:83,CenturyLink5,[WPA2_PSK],2026-06-14 09:20:15,1,-64,33.451278,-112.068381,341.6,9.9,WIFI
21:B3:2A:39:ED:30,Spectrum-7601,[WPA_WPA2_PSK],2026-06-14 09:20:25,3,-48,33.454061,-112.072068,337.3,5.7,WIFI
BC:72:12:D2:97:E0,xfinitywifi_5G,[WPA2_PSK],2026-06-14 09:20:28,3,-55,33.455984,-112.069163,339.3,11.3,WIFI
F2:A3:28:49:84:C4,Office_Net_5289,[WPA2_PSK],2026-06-14 09:20:33,6,-59,33.45605,-112.067322,338.9,4.0,WIFI
6F:32:B9:4D:2E:3D,xfinitywifi5,[WPA2_PSK],2026-06-14 09:20:39,11,-83,33.459799,-112.073044,337.2,4.2,WIFI
AD:EE:EA:75:FC:C8,DriveThru_WiFi,[WPA2_ENTERPRISE],2026-06-14 09:20:46,1,-58,33.454149,-112.064491,342.1,3.5,WIFI
9C:A3:AE:3E:74:3D,Corner_Cafe_Guest,[WPA_PSK],2026-06-14 09:20:55,1,-79,33.451252,-112.069323,341.4,7.3,WIFI
1D:7D:9C:BC:77:58,Pretty Fly for a WiFi-Guest,[WPA2_WPA3_PSK],2026-06-14 09:20:59,6,-48,33.459846,-112.063526,339.1,3.8,WIFI
B6:C7:EF:49:36:7D,Warehouse_3089,[WPA2_PSK],2026-06-14 09:21:07,6,-47,33.450256,-112.068418,337.4,4.0,WIFI
60:DA:87:26:33:57,Govee_H5075,[BLE],2026-06-14 09:21:12,0,-55,33.458809,-112.07023,341.1,6.4,BLE
5E:1B:91:E0:15:8D,NETGEAR-Guest,[WPA3_PSK],2026-06-14 09:21:15,1,-57,33.454055,-112.062662,339.7,4.8,WIFI
B3:DE:64:8F:C4:02,TacoShop_Guest_5G,[WPA3_PSK],2026-06-14 09:21:18,44,-40,33.452209,-112.068329,341.0,11.1,WIFI
08:62:92:9E:2C:5E,Warehouse_8477-Guest,[WPA2_PSK],2026-06-14 09:21:32,6,-90,33.448439,-112.072933,340.6,5.5,WIFI
C0:C9:8A:17:2C:8F,HOME-75005,[WPA2_PSK],2026-06-14 09:21:39,11,-37,33.455955,-112.073857,339.9,9.6,WIFI
45:8E:6D:BC:84:5A,Ring Doorbell,[BLE],2026-06-14 09:21:48,0,-73,33.450326,-112.065541,339.3,8.5,BLE
76:1D:D8:FC:8B:41,TP-Link_8146,[WPA2_PSK],2026-06-14 09:21:51,6,-89,33.456901,-112.069274,340.1,3.7,WIFI
A2:F2:46:50:95:94,Office_Net_4496,[WPA2_ENTERPRISE],2026-06-14 09:21:55,6,-34,33.456961,-112.073178,338.0,11.8,WIFI
BF:AD:EB:8A:18:DB,Ring Doorbell,[BLE],2026-06-14 09:22:05,0,-36,33.453127,-112.064455,341.9,5.8,BLE
37:C3:37:4E:71:3F,DriveThru_WiFi,[WPA2_PSK],2026-06-14 09:22:09,1,-80,33.45029,-112.069273,341.0,5.0,WIFI
28:6E:88:DB:53:AF,Family_Network_1400,[WEP],2026-06-14 09:22:19,1,-37,33.449342,-112.067407,341.9,8.4,WIFI
52:FA:1D:66:4B:ED,JBL Flip 5,[BLE],2026-06-14 09:22:24,0,-78,33.45695,-112.072155,342.3,4.0,BLE
96:92:7A:73:CF:8B,Casa_9197,[WPA2_PSK],2026-06-14 09:22:34,6,-35,33.449366,-112.068374,337.8,8.6,WIFI
25:E0:5F:45:12:68,Apt_2G,[WPA2_PSK],2026-06-14 09:22:44,40,-44,33.459781,-112.067474,342.8,10.6,WIFI
26:9B:B5:9D:6D:0C,,[WPA2_PSK],2026-06-14 09:22:47,6,-75,33.453124,-112.074071,337.3,9.2,WIFI
A8:5E:E2:8A:EF:39,Tile,[BLE],2026-06-14 09:22:58,0,-42,33.456965,-112.063435,337.0,8.4,BLE
FB:07:D0:B8:6F:FC,Warehouse_9546,[WPA2_PSK],2026-06-14 09:23:07,11,-42,33.457841,-112.069267,338.8,11.7,WIFI
65:2F:87:74:0B:1C,HOME-184324,[WPA2_PSK],2026-06-14 09:23:16,149,-55,33.457936,-112.066318,338.1,5.7,WIFI
66:9C:D7:1B:17:47,ESP32-BLE,[BLE],2026-06-14 09:23:29,0,-85,33.456923,-112.068185,342.9,8.8,BLE
75:A0:C5:6A:28:2D,xfinitywifi,[WPA2_PSK],2026-06-14 09:23:33,6,-37,33.44936,-112.066499,339.5,7.4,WIFI
92:AC:EB:42:18:08,Family_Network_5008,[WPA2_PSK],2026-06-14 09:23:45,6,-79,33.455098,-112.073991,338.9,3.0,WIFI
5F:BF:7B:24:E7:06,AirTag,[BLE],2026-06-14 09:23:50,0,-88,33.454041,-112.072973,338.8,7.5,BLE
4B:5D:A1:70:3D:63,ESP32-BLE,[BLE],2026-06-14 09:24:00,0,-42,33.452257,-112.063733,341.9,3.3,BLE
55:A9:C5:34:5F:72,xfinitywifi,[OPEN],2026-06-14 09:24:12,1,-39,33.452163,-112.073998,338.4,6.1,WIFI
FC:96:A8:50:8D:B7,Corner_Cafe_Guest_5G,[WPA2_PSK],2026-06-14 09:24:15,6,-68,33.448426,-112.062504,342.2,5.8,WIFI
8A:C0:ED:23:D6:CC,HOME-455124,[OPEN],2026-06-14 09:24:25,6,-55,33.449398,-112.071276,339.9,6.8,WIFI
BF:7E:27:C4:CD:AD,Garage_5696,[WPA2_PSK],2026-06-14 09:24:33,3,-46,33.454158,-112.070297,339.0,5.0,WIFI
49:C1:83:67:50:30,NETGEAR,[WPA2_PSK],2026-06-14 09:24:38,6,-72,33.457863,-112.071242,338.0,7.8,WIFI
26:AF:32:80:D3:A6,Spectrum-4771,[WPA_WPA2_PSK],2026-06-14 09:24:48,1,-92,33.452208,-112.071217,338.0,9.2,WIFI
57:B2:35:A3:E8:3E,Office_Net_5677-Guest,[WPA2_PSK],2026-06-14 09:24:55,1,-83,33.457846,-112.068296,337.4,6.3,WIFI
A2:82:9E:6D:55:B7,Suite,[WPA2_ENTERPRISE],2026-06-14 09:25:01,149,-91,33.451282,-112.065395,342.8,10.2,WIFI
F8:2C:AB:FB:EB:6C,Suite,[WPA3_PSK],2026-06-14 09:25:09,11,-66,33.449409,-112.063682,339.3,10.1,WIFI
09:95:AB:71:6C:75,ATT-WiFi-599224,[WPA2_WPA3_PSK],2026-06-14 09:25:13,6,-76,33.454054,-112.067363,342.3,9.2,WIFI
32:61:D5:45:30:9C,CenturyLink,[WPA2_PSK],2026-06-14 09:25:23,6,-93,33.457862,-112.06348,339.9,3.7,WIFI
36:10:E8:C2:03:69,ATT-WiFi-8997,[WPA2_PSK],2026-06-14 09:25:30,11,-46,33.455003,-112.063592,337.7,8.3,WIFI
06:AF:84:CE:BB:FC,ATT-WiFi-750,[WEP],2026-06-14 09:25:36,6,-50,33.448376,-112.064615,341.0,9.7,WIFI
6C:50:7A:D1:05:40,ESP32-BLE,[BLE],2026-06-14 09:25:49,0,-42,33.457958,-112.072055,337.6,10.7,BLE
12:16:FC:91:E0:7E,Apt,[WPA_WPA2_PSK],2026-06-14 09:26:03,6,-77,33.453087,-112.070321,342.2,7.8,WIFI
5D:C8:12:31:31:13,FBI Surveillance Van5,[WPA_WPA2_PSK],2026-06-14 09:26:08,48,-53,33.45038,-112.074035,342.3,9.7,WIFI
55:A9:C5:34:5F:72,xfinitywifi,[OPEN],2026-06-14 09:26:12,1,-54,33.452196,-112.074012,342.0,10.1,WIFI
B6:C7:EF:49:36:7D,Warehouse_3089,[WPA2_PSK],2026-06-14 09:26:22,6,-55,33.450291,-112.068409,341.4,8.8,WIFI
3C:DF:98:0B:1C:99,ATT-WiFi-74385,[WPA3_PSK],2026-06-14 09:26:31,6,-87,33.449302,-112.073034,340.2,9.2,WIFI
A1:AE:0F:E3:96:19,Apt,[WPA2_PSK],2026-06-14 09:26:39,6,-66,33.456073,-112.071951,339.8,8.3,WIFI
26:AF:32:80:D3:A6,Spectrum-4771,[WPA_WPA2_PSK],2026-06-14 09:26:42,1,-53,33.452239,-112.07119,340.1,10.7,WIFI
EC:FD:3F:2D:C5:12,Warehouse_5017,[WPA_PSK],2026-06-14 09:26:53,11,-52,33.455014,-112.067285,339.9,4.2,WIFI
BF:88:23:61:C9:79,Casa_6406_2G,[WPA_WPA2_PSK],2026-06-14 09:27:01,6,-88,33.45876,-112.06843,342.4,12.0,WIFI
61:01:C9:C0:E2:66,Ring Doorbell,[BLE],2026-06-14 09:27:12,0,-65,33.452225,-112.069271,339.7,5.9,BLE
2E:D9:13:8A:75:EC,xfinitywifi24,[WPA_PSK],2026-06-14 09:27:23,6,-91,33.451269,-112.072219,340.0,11.2,WIFI
BF:F1:FC:94:8D:07,The_Nest,[UNDEFINED],2026-06-14 09:27:33,1,-90,33.457932,-112.064511,342.4,4.6,WIFI
3F:D9:04:0E:D9:47,Suite,[WPA3_PSK],2026-06-14 09:27:46,1,-48,33.452274,-112.070159,338.6,6.8,WIFI
F8:2C:AB:FB:EB:6C,Suite,[WPA3_PSK],2026-06-14 09:27:57,11,-47,33.449416,-112.063675,338.2,8.2,WIFI
21:B3:2A:39:ED:30,Spectrum-7601,[WPA_WPA2_PSK],2026-06-14 09:28:11,3,-70,33.454065,-112.072084,341.7,10.2,WIFI
4C:BE:6C:E2:7E:6D,Tile,[BLE],2026-06-14 09:28:19,0,-80,33.456044,-112.068206,339.4,11.1,BLE
D2:50:A5:3B:77:13,Studio_9029,[WPA2_PSK],2026-06-14 09:28:22,40,-50,33.455011,-112.073032,341.1,7.4,WIFI
81:E2:73:C1:96:07,Spectrum-5340,[WEP],2026-06-14 09:28:25,3,-83,33.456966,-112.062527,338.1,11.7,WIFI
6D:8A:13:5C:8E:30,The_Nest,[WPA3_PSK],2026-06-14 09:28:35,40,-42,33.456862,-112.074131,342.7,9.5,WIFI
8A:C0:ED:23:D6:CC,HOME-455124,[OPEN],2026-06-14 09:28:46,6,-65,33.449391,-112.071271,338.2,11.2,WIFI
AE:FC:28:CE:A7:19,Suite_5G,[WPA2_PSK],2026-06-14 09:28:53,3,-92,33.455115,-112.072093,337.8,5.3,WIFI
7A:00:58:9C:14:CB,DriveThru_WiFi5,[WPA2_PSK],2026-06-14 09:29:02,6,-70,33.456877,-112.067365,337.1,7.6,WIFI
4E:6B:CB:1F:55:88,DriveThru_WiFi-Guest,[WPA2_PSK],2026-06-14 09:29:05,11,-65,33.449295,-112.069043,338.4,3.8,WIFI
21:F3:08:40:61:21,Linksys-Guest,[WPA2_PSK],2026-06-14 09:29:11,3,-95,33.45514,-112.070259,337.4,8.8,WIFI
45:FA:08:3B:91:6C,MX Master 3,[BLE],2026-06-14 09:29:17,0,-95,33.448395,-112.071237,338.0,8.0,BLE
71:58:0C:03:AB:1F,NETGEAR,[WPA2_PSK],2026-06-14 09:29:23,11,-80,33.454989,-112.068269,340.3,3.7,WIFI
BF:F1:FC:94:8D:07,The_Nest,[UNDEFINED],2026-06-14 09:29:27,1,-88,33.457853,-112.064471,340.2,6.4,WIFI
